{"H/C": {"0.05": [0.6102977197928801, -0.0002620308242130354, 1.6013882854691114e-06, -7.823791314084459e-10], "0.1": [0.7045700277865232, -0.00022894392511553694, 1.6566658556578675e-06, -8.185283137790302e-10], "0.15": [0.8069006152678189, -0.00030289706531041387, 1.7688533224249268e-06, -8.633004200057404e-10], "0.2": [0.9278216636972195, -0.0004622257402738772, 1.9009683104590789e-06, -8.935048146100533e-10], "0.25": [0.940405389304713, -0.0001844390261627141, 1.5409907843524838e-06, -7.703233336796739e-10], "0.3": [1.0858991886386837, -0.0004605394254510883, 1.8284419323319137e-06, -8.840092475549013e-10], "0.7": [2.038875355288872, -0.0019608081802788505, 2.9435184872880337e-06, -1.2119206036807456e-09], "0.75": [2.263411914709775, -0.0025770499932310114, 3.58795257967065e-06, -1.4295603872066182e-09], "0.8": [2.3848939682140027, -0.0027219985384489584, 3.6371811228129695e-06, -1.4221480532275445e-09], "0.85": [2.6009071092604343, -0.0031577005565758924, 3.9575814048297915e-06, -1.4959528416555077e-09], "0.9": [2.806169933323505, -0.0035462666390254755, 4.260351644463471e-06, -1.5796082190708508e-09], "0.95": [3.2540298381800734, -0.0049187095155302524, 5.746986480260264e-06, -2.0925845771627233e-09], "0.99": [4.413313356648099, -0.008652711564172149, 9.648697193017983e-06, -3.383557591370703e-09]}, "O/C": {"0.05": [-0.05848193257419472, 0.00033621934295604753, -3.0897044444518333e-07, 1.3216258310681278e-10], "0.1": [-0.05931610612180895, 0.0003655015839484757, -2.2423640866436e-07, 6.930766999411013e-11], "0.15": [0.03629619497068653, 2.2212301106753446e-05, 2.7054809578332413e-07, -1.3666863513118573e-10], "0.2": [0.03908231860510715, 9.093570013376209e-05, 2.2932077468346318e-07, -1.4067388026291712e-10], "0.25": [0.06500246277335439, 7.950753114732046e-05, 2.434743266119294e-07, -1.4750147946215213e-10], "0.3": [0.20616767131668612, -0.00042942093177596315, 8.766701104652344e-07, -3.850795465557917e-10], "0.7": [0.7118720970819475, -0.001497296603768416, 2.061126257137032e-06, -7.985828958674795e-10], "0.75": [0.7344363489259086, -0.0011846976249735208, 1.4374908505842683e-06, -4.798042551003892e-10], "0.8": [0.8010318527401871, -0.0010330042354765548, 1.1040771501103485e-06, -3.156372550919006e-10], "0.85": [1.0028232432099013, -0.0015882083276583755, 1.868639223533648e-06, -6.263764495621137e-10], "0.9": [1.2660190024119158, -0.0021286531154165868, 2.4318789074432496e-06, -8.333650430845276e-10], "0.95": [1.5975254292381977, -0.0024362187642367914, 2.3903572743547258e-06, -7.371599210939675e-10], "0.99": [3.848856722317508, -0.00898614801351433, 9.05295007703107e-06, -2.888323341182316e-09]}, "N/C": {"0.05": [0.0, 0.0, 0.0, 0.0], "0.1": [0.0, 0.0, 0.0, 0.0], "0.15": [0.0018208679306739733, -1.3830181387572153e-05, 2.5691718667337335e-08, -1.1974801308104515e-11], "0.2": [0.007157460828387816, -5.129010040162892e-05, 9.020746188988577e-08, -4.068422649511391e-11], "0.25": [0.01642397130909315, -0.000120557096184191, 2.179690760792107e-07, -9.769328251317564e-11], "0.3": [0.032945530352789264, -0.00015453134832883717, 2.6756456549552675e-07, -1.2050835587444087e-10], "0.7": [0.46860787452582203, -0.0014334173934917557, 1.7950211016633858e-06, -6.85861830855595e-10], "0.75": [0.5186389016719408, -0.0014543439695155315, 1.7206471173206568e-06, -6.321000502883362e-10], "0.8": [0.5952707972733451, -0.0015925231869896893, 1.8285632848768588e-06, -6.626658796903105e-10], "0.85": [0.6074429199374816, -0.001362724470214422, 1.4035963251788435e-06, -4.68954135676185e-10], "0.9": [0.7903909647875217, -0.0017747345882307092, 1.769842057668175e-06, -5.767465830378335e-10], "0.95": [1.1352758321649055, -0.0027782573050065306, 2.866917982360567e-06, -9.495481540891365e-10], "0.99": [1.930339651687274, -0.005386280107568166, 5.93298086249511e-06, -2.086827450409412e-09]}, "P/C": {"0.05": [0.0, 0.0, 0.0, 0.0], "0.1": [0.0, 0.0, 0.0, 0.0], "0.15": [0.0, 0.0, 0.0, 0.0], "0.2": [0.0, 0.0, 0.0, 0.0], "0.25": [0.0, 0.0, 0.0, 0.0], "0.3": [0.0, 0.0, 0.0, 0.0], "0.7": [0.035082799865514644, -0.00028071078130304693, 5.524091760854832e-07, -2.54242723816879e-10], "0.75": [0.026503392665209093, -0.00023242068722260895, 5.15478933786737e-07, -2.4880959766155815e-10], "0.8": [0.018000865023601577, -0.0001917225861019457, 4.988381325150042e-07, -2.5430171098917345e-10], "0.85": [0.0064935196979829645, -0.00010780328822339601, 3.846229291081276e-07, -2.1068738634101837e-10], "0.9": [-0.01875376049594404, 0.00015066147555910112, 1.1137301048522101e-08, -6.579737817828053e-11], "0.95": [0.09465393234020374, 7.736426892073377e-05, -7.764651464160631e-08, -5.6629216981586164e-12], "0.99": [0.886782038941664, -0.0024207572882511343, 2.5845596293679932e-06, -9.213004385730736e-10]}, "S/C": {"0.05": [0.0, 0.0, 0.0, 0.0], "0.1": [0.0, 0.0, 0.0, 0.0], "0.15": [0.0, 0.0, 0.0, 0.0], "0.2": [0.0, 0.0, 0.0, 0.0], "0.25": [0.0, 0.0, 0.0, 0.0], "0.3": [0.0, 0.0, 0.0, 0.0], "0.7": [0.021061446540792613, -0.00015332168685480414, 2.7425027554085357e-07, -1.240205568157185e-10], "0.75": [0.021296558317758247, -0.00015926353599440195, 2.9275190309719686e-07, -1.3434304356831235e-10], "0.8": [0.034680164010729084, -9.54498121903274e-05, 1.4465238276363623e-07, -6.43577229084417e-11], "0.85": [0.2690438775156447, -0.0008873128707115772, 9.923927340455536e-07, -3.5101058203617147e-10], "0.9": [0.30992491234939457, -0.0009548954275189597, 1.0328499315105218e-06, -3.588892192772752e-10], "0.95": [0.3984929614572841, -0.001088386044220695, 1.0710417640087036e-06, -3.4410991910059124e-10], "0.99": [1.063668184305761, -0.0032527196763000006, 3.3613085648656237e-06, -1.0848862345700537e-09]}}